Index,highway_present,cell_tower_present
1,0,0
2,0,0
3,0,0
4,0,0
5,0,0
6,1,0
7,1,0
8,0,0
9,0,0
10,0,0
11,1,0
12,1,0
13,0,0
14,0,0
15,1,0
16,1,0
17,0,0
18,1,0
19,1,0
20,0,0
21,0,0
22,1,0
23,1,1
24,0,0
25,0,0
26,0,0
27,0,0
28,0,0
29,0,0
30,1,0
31,0,0
32,0,0
33,1,0
34,0,0
35,1,0
36,1,0
37,1,0
38,1,0
39,0,0
40,0,0
41,0,0
42,0,0
43,0,0
44,0,0
45,0,0
46,0,0
47,0,0
48,0,0
49,1,0
50,1,0
51,0,0
52,0,0
53,0,0
54,0,0
55,0,0
56,0,0
57,0,0
58,0,0
59,0,0
60,1,0
61,1,0
62,0,0
63,1,0
64,1,0
65,1,0
66,0,0
67,0,0
68,1,0
69,1,1
70,0,1
71,0,0
72,1,0
73,0,0
74,0,0
75,0,0
76,0,0
77,1,1
78,1,0
79,0,0
80,0,0
81,0,0
82,0,0
83,0,0
84,1,0
85,0,0
86,0,0
87,1,0
88,0,0
89,0,0
90,0,0
91,1,1
92,1,0
93,1,0
94,1,0
95,0,0
96,0,0
97,0,0
98,0,0
99,0,0
100,0,0
101,0,0
102,0,0
103,0,0
104,1,0
105,0,0
106,0,0
107,0,0
108,0,0
109,0,1
110,0,0
111,0,0
112,1,0
113,1,0
114,1,0
115,1,0
116,1,0
117,1,0
118,0,0
119,0,0
120,0,0
121,1,1
122,1,1
123,0,0
124,0,1
125,0,0
126,1,1
127,0,0
128,0,0
129,0,0
130,0,0
131,0,0
132,1,0
133,1,0
134,0,0
135,0,0
136,0,0
137,0,0
138,1,0
139,0,0
140,0,0
141,1,0
142,0,0
143,0,0
144,1,1
145,1,0
146,0,0
147,0,0
148,1,0
149,1,0
150,1,0
151,0,0
152,0,0
153,0,0
154,0,0
155,0,0
156,0,0
157,0,0
158,1,0
159,0,0
160,0,0
161,0,0
162,0,0
163,1,0
164,1,0
165,1,0
166,1,0
167,0,0
168,0,0
169,0,0
170,1,0
171,0,0
172,0,0
173,0,0
174,1,1
175,1,1
176,0,0
177,0,0
178,0,0
179,0,0
180,1,0
181,1,1
182,0,0
183,0,0
184,0,0
185,0,0
186,0,0
187,1,0
188,1,0
189,1,0
190,0,0
191,0,0
192,1,0
193,1,0
194,1,0
195,1,0
196,1,0
197,1,0
198,1,0
199,0,0
200,0,0
201,0,0
202,0,0
203,0,0
204,1,0
205,1,0
206,1,0
207,0,0
208,0,0
209,0,0
210,0,1
211,0,0
212,1,0
213,0,0
214,0,0
215,0,0
216,0,0
217,1,0
218,0,0
219,0,0
220,0,0
221,0,0
222,0,0
223,0,0
224,1,0
225,0,0
226,0,0
227,1,0
228,1,1
229,0,0
230,0,0
231,0,0
232,0,0
233,0,0
234,0,0
235,1,0
236,1,1
237,1,1
238,1,1
239,0,0
240,0,0
241,0,0
242,0,0
243,1,0
244,1,0
245,1,0
246,0,0
247,1,1
248,1,0
249,1,0
250,1,0
251,1,0
252,1,1
253,0,0
254,0,0
255,0,0
256,0,0
257,0,0
258,0,0
259,0,0
260,1,0
261,1,0
262,1,0
263,0,0
264,0,0
265,0,0
266,1,0
267,1,0
268,1,0
269,0,0
270,0,0
271,1,0
272,1,1
273,0,0
274,0,0
275,0,0
276,0,0
277,0,0
278,1,0
279,0,0
280,1,0
281,1,1
282,0,0
283,1,0
284,0,0
285,0,0
286,0,0
287,0,0
288,0,0
289,0,0
290,0,0
291,0,0
292,1,1
293,0,0
294,0,0
295,0,0
296,0,0
297,0,0
298,0,0
299,1,0
300,0,0
301,1,0
302,1,0
303,0,1
304,0,0
305,1,1
306,0,0
307,0,0
308,0,0
309,0,0
310,0,0
311,0,0
312,0,0
313,0,0
314,0,0
315,0,0
316,1,0
317,1,0
318,0,0
319,0,0
320,0,0
321,0,0
322,1,0
323,0,0
324,1,0
325,0,0
326,1,1
327,1,1
328,0,0
329,0,0
330,0,0
331,0,0
332,1,1
333,0,0
334,1,1
335,1,0
336,1,0
337,1,0
338,1,0
339,1,0
340,0,0
341,0,0
342,0,0
343,1,0
344,0,0
345,0,0
346,1,0
347,1,1
348,0,0
349,0,0
350,0,0
351,0,0
352,0,0
353,1,0
354,1,0
355,1,1
356,1,0
357,0,0
358,1,1
359,1,1
360,0,0
361,0,0
362,0,0
363,0,0
364,0,0
365,0,0
366,0,0
367,0,0
368,0,0
369,0,0
370,0,0
371,1,0
372,1,0
373,0,0
374,0,0
375,0,0
376,1,0
377,1,0
378,1,0
379,0,0
380,0,1
381,1,1
382,0,1
383,0,0
384,0,0
385,0,0
386,1,0
387,0,0
388,1,1
389,0,0
390,0,0
391,0,0
392,0,0
393,1,0
394,1,0
395,1,0
396,1,0
397,1,0
398,1,1
399,1,1
400,1,1
401,1,1
402,0,0
403,0,0
404,0,0
405,0,0
406,0,0
407,0,0
408,1,1
409,1,0
410,1,0
411,0,0
412,1,1
413,1,0
414,0,0
415,0,0
416,0,0
417,0,0
418,0,0
419,0,0
420,0,0
421,0,0
422,0,0
423,0,0
424,0,0
425,0,0
426,1,0
427,1,0
428,0,0
429,0,0
430,1,0
431,1,1
432,1,0
433,0,0
434,0,0
435,1,1
436,0,1
437,0,0
438,0,0
439,0,0
440,1,0
441,1,1
442,1,0
443,0,0
444,0,0
445,0,0
446,0,0
447,1,0
448,1,0
449,0,0
450,0,0
451,0,1
452,0,0
453,0,0
454,0,0
455,1,1
456,0,0
457,0,0
458,0,0
459,0,0
460,0,0
461,0,0
462,1,0
463,1,1
464,1,1
465,1,1
466,1,1
467,0,0
468,0,0
469,0,0
470,0,0
471,0,0
472,0,0
473,1,0
474,1,0
475,0,0
476,0,0
477,0,0
478,0,0
479,0,0
480,0,0
481,1,0
482,1,0
483,0,0
484,1,0
485,1,0
486,1,0
487,0,1
488,0,1
489,1,1
490,0,0
491,0,1
492,0,0
493,0,0
494,0,0
495,1,1
496,0,0
497,0,0
498,0,0
499,0,0
500,0,0
501,0,0
502,1,0
503,1,0
504,1,0
505,0,1
506,0,0
507,0,0
508,0,0
509,1,1
510,0,0
511,0,0
512,0,0
513,0,1
514,0,0
515,0,1
516,1,1
517,1,1
518,0,1
519,1,1
520,1,1
521,1,0
522,1,0
523,1,0
524,0,0
525,1,0
526,1,0
527,1,0
528,1,0
529,1,0
530,1,0
531,1,0
532,1,0
533,0,0
534,0,0
535,0,0
536,1,0
537,1,0
538,1,0
539,0,0
540,0,0
541,0,1
542,0,1
543,1,1
544,1,1
545,0,1
546,0,0
547,0,0
548,0,0
549,1,1
550,0,0
551,0,0
552,0,0
553,0,0
554,0,1
555,0,0
556,0,0
557,0,0
558,1,0
559,1,0
560,0,0
561,0,0
562,0,0
563,1,1
564,1,1
565,0,0
566,0,0
567,0,0
568,0,1
569,1,0
570,1,1
571,1,1
572,1,1
573,1,1
574,0,0
575,1,0
576,0,0
577,1,0
578,1,0
579,1,0
580,0,0
581,0,0
582,0,0
583,0,0
584,0,0
585,0,0
586,1,0
587,1,0
588,1,0
589,0,0
590,0,0
591,1,0
592,1,0
593,0,0
594,0,0
595,0,1
596,0,0
597,0,1
598,1,1
599,0,0
600,0,1
601,0,0
602,0,0
603,1,1
604,0,0
605,0,0
606,0,0
607,0,1
608,0,0
609,0,0
610,0,0
611,0,0
612,0,0
613,1,0
614,1,1
615,1,0
616,0,0
617,0,0
618,1,1
619,0,0
620,0,0
621,0,0
622,1,1
623,1,0
624,1,0
625,0,0
626,0,0
627,1,1
628,0,0
629,0,0
630,0,0
631,0,0
632,0,0
633,0,0
634,0,0
635,0,0
636,0,0
637,0,0
638,1,0
639,1,0
640,0,0
641,0,0
642,1,0
643,1,0
644,1,0
645,1,0
646,1,0
647,1,0
648,0,0
649,0,1
650,1,0
651,1,1
652,1,1
653,1,0
654,1,0
655,1,1
656,0,1
657,1,1
658,0,0
659,0,0
660,0,0
661,0,0
662,0,0
663,0,0
664,0,0
665,0,1
666,0,0
667,0,1
668,0,0
669,1,1
670,1,0
671,1,1
672,1,1
673,0,0
674,1,1
675,1,1
676,1,0
677,1,0
678,1,0
679,0,0
680,0,0
681,1,1
682,0,1
683,0,0
684,0,0
685,0,0
686,0,0
687,0,0
688,1,0
689,1,0
690,1,0
691,1,0
692,1,0
693,1,1
694,1,0
695,1,0
696,0,0
697,1,0
698,1,0
699,0,0
700,0,0
701,1,0
702,1,0
703,0,1
704,1,1
705,1,0
706,1,0
707,1,1
708,0,1
709,1,0
710,1,1
711,1,1
712,1,0
713,1,1
714,1,0
715,0,0
716,0,0
717,0,1
718,0,1
719,0,1
720,0,1
721,0,1
722,0,0
723,0,0
724,0,1
725,1,1
726,1,1
727,1,1
728,1,1
729,0,1
730,0,0
731,1,0
732,0,0
733,0,0
734,1,1
735,1,1
736,0,0
737,0,1
738,0,0
739,0,1
740,0,0
741,1,0
742,1,0
743,0,0
744,0,0
745,0,0
746,0,0
747,0,0
748,0,0
749,1,0
750,1,0
751,1,0
752,1,0
753,1,1
754,0,0
755,0,0
756,1,0
757,1,1
758,1,0
759,0,0
760,0,1
761,1,1
762,0,1
763,1,1
764,1,1
765,1,1
766,1,1
767,0,0
768,1,1
769,1,0
770,0,0
771,0,1
772,0,1
773,0,0
774,0,0
775,0,1
776,0,1
777,0,1
778,0,0
779,1,1
780,1,1
781,1,1
782,0,1
783,0,1
784,1,1
785,1,0
786,0,0
787,0,0
788,1,1
789,0,1
790,0,1
791,0,1
792,0,0
793,0,0
794,0,0
795,1,0
796,0,0
797,0,0
798,0,0
799,0,0
800,0,0
801,0,0
802,0,0
803,0,0
804,1,0
805,0,0
806,0,0
807,1,0
808,1,0
809,0,0
810,0,0
811,1,1
812,1,1
813,0,1
814,0,1
815,1,0
816,1,1
817,1,1
818,1,1
819,1,1
820,1,1
821,1,1
822,0,1
823,1,1
824,1,1
825,0,0
826,0,0
827,0,0
828,0,1
829,0,0
830,1,0
831,1,1
832,1,1
833,1,1
834,1,1
835,1,1
836,1,1
837,0,0
838,1,0
839,0,0
840,0,0
841,0,0
842,1,1
843,1,1
844,1,1
845,1,0
846,0,1
847,0,1
848,1,1
849,1,0
850,0,0
851,0,0
852,0,0
853,0,0
854,0,0
855,0,0
856,0,0
857,1,0
858,1,0
859,0,0
860,0,0
861,0,0
862,1,0
863,0,0
864,0,0
865,1,1
866,1,1
867,1,1
868,1,1
869,1,1
870,1,1
871,1,1
872,0,1
873,0,1
874,0,1
875,1,1
876,1,1
877,1,1
878,1,1
879,1,0
880,0,0
881,1,0
882,1,1
883,1,1
884,1,0
885,1,1
886,1,1
887,0,1
888,1,1
889,1,1
890,1,1
891,1,0
892,0,0
893,0,0
894,0,0
895,0,0
896,1,1
897,0,0
898,0,0
899,1,1
900,1,1
901,1,1
902,1,1
903,1,0
904,0,0
905,0,0
906,0,0
907,0,0
908,0,0
909,0,0
910,1,0
911,1,0
912,0,0
913,0,0
914,0,0
915,0,0
916,1,0
917,1,0
918,1,0
919,1,1
920,0,0
921,0,1
922,1,1
923,1,1
924,1,1
925,1,1
926,0,1
927,1,1
928,1,1
929,1,1
930,1,1
931,1,1
932,0,1
933,1,1
934,1,1
935,1,1
936,0,0
937,1,0
938,1,0
939,0,1
940,1,1
941,1,1
942,1,1
943,1,1
944,0,1
945,1,1
946,1,0
947,0,1
948,0,1
949,0,0
950,1,1
951,0,1
952,0,0
953,0,0
954,0,1
955,0,1
956,1,1
957,1,0
958,1,1
959,1,0
960,1,0
961,1,0
962,0,0
963,0,0
964,1,0
965,0,1
966,1,0
967,1,0
968,1,0
969,1,0
970,1,0
971,1,0
972,1,0
973,1,1
974,0,0
975,0,0
976,1,1
977,0,1
978,1,1
979,1,1
980,1,1
981,1,1
982,1,1
983,1,1
984,1,1
985,1,1
986,1,1
987,1,1
988,1,1
989,1,1
990,0,0
991,1,1
992,0,0
993,1,1
994,1,1
995,1,1
996,0,1
997,1,1
998,0,1
999,0,1
1000,1,1
1001,1,1
1002,0,0
1003,0,1
1004,1,1
1005,1,1
1006,1,1
1007,1,0
1008,1,1
1009,1,1
1010,1,1
1011,0,0
1012,0,0
1013,0,0
1014,0,0
1015,1,0
1016,1,0
1017,1,0
1018,1,0
1019,1,0
1020,1,0
1021,0,0
1022,0,0
1023,0,0
1024,0,0
1025,0,0
1026,0,0
1027,1,1
1028,0,1
1029,0,1
1030,1,1
1031,1,1
1032,1,1
1033,1,1
1034,1,1
1035,0,1
1036,1,1
1037,0,1
1038,1,1
1039,1,1
1040,1,1
1041,1,1
1042,1,1
1043,0,1
1044,0,1
1045,1,1
1046,0,1
1047,1,1
1048,1,1
1049,1,1
1050,1,1
1051,1,1
1052,0,1
1053,0,1
1054,0,1
1055,1,1
1056,0,0
1057,0,1
1058,1,1
1059,0,0
1060,0,0
1061,0,1
1062,0,0
1063,1,0
1064,1,1
1065,0,0
1066,0,0
1067,0,0
1068,0,0
1069,1,1
1070,1,1
1071,1,1
1072,1,0
1073,1,0
1074,0,0
1075,0,0
1076,0,0
1077,0,0
1078,0,0
1079,0,0
1080,0,0
1081,1,1
1082,1,1
1083,1,1
1084,1,1
1085,1,1
1086,1,1
1087,1,1
1088,1,1
1089,1,1
1090,1,1
1091,0,1
1092,1,1
1093,1,1
1094,1,1
1095,0,1
1096,1,1
1097,1,1
1098,1,1
1099,1,1
1100,1,1
1101,1,1
1102,1,1
1103,1,1
1104,1,1
1105,1,1
1106,0,1
1107,0,1
1108,0,1
1109,1,1
1110,1,1
1111,0,1
1112,1,1
1113,0,1
1114,0,1
1115,0,1
1116,0,1
1117,1,1
1118,1,0
1119,1,0
1120,0,0
1121,1,0
1122,1,1
1123,1,1
1124,0,1
1125,1,1
1126,1,1
1127,0,0
1128,0,0
1129,0,0
1130,0,0
1131,0,0
1132,0,0
1133,0,0
1134,0,0
1135,1,1
1136,1,1
1137,1,1
1138,1,1
1139,1,1
1140,1,1
1141,1,1
1142,1,1
1143,1,1
1144,1,1
1145,1,1
1146,0,1
1147,0,1
1148,1,1
1149,1,1
1150,1,1
1151,1,1
1152,1,1
1153,1,1
1154,1,1
1155,1,1
1156,1,1
1157,1,1
1158,1,1
1159,1,1
1160,1,1
1161,0,1
1162,0,1
1163,0,1
1164,1,1
1165,1,1
1166,1,1
1167,0,1
1168,0,1
1169,0,1
1170,0,1
1171,1,1
1172,0,1
1173,1,1
1174,1,1
1175,1,1
1176,1,1
1177,0,1
1178,0,1
1179,0,0
1180,1,0
1181,1,0
1182,0,0
1183,0,0
1184,0,0
1185,0,0
1186,0,0
1187,0,0
1188,0,0
1189,1,1
1190,1,1
1191,1,1
1192,1,1
1193,1,1
1194,1,1
1195,1,1
1196,1,1
1197,1,1
1198,0,1
1199,1,1
1200,1,1
1201,0,1
1202,0,1
1203,1,1
1204,1,1
1205,1,1
1206,1,1
1207,1,1
1208,1,1
1209,1,1
1210,1,1
1211,1,1
1212,0,1
1213,1,1
1214,1,1
1215,0,1
1216,0,1
1217,0,1
1218,0,0
1219,1,1
1220,1,1
1221,0,1
1222,0,1
1223,0,0
1224,1,1
1225,1,1
1226,0,0
1227,1,1
1228,1,1
1229,1,1
1230,1,1
1231,1,1
1232,1,1
1233,0,0
1234,0,0
1235,1,0
1236,1,0
1237,1,0
1238,0,0
1239,0,0
1240,0,0
1241,0,0
1242,0,0
1243,0,1
1244,1,1
1245,1,1
1246,1,1
1247,1,1
1248,1,1
1249,1,1
1250,1,1
1251,1,1
1252,1,1
1253,1,1
1254,1,1
1255,1,1
1256,1,1
1257,1,1
1258,0,1
1259,1,1
1260,0,1
1261,0,1
1262,1,1
1263,1,1
1264,1,1
1265,1,1
1266,1,1
1267,1,1
1268,1,1
1269,1,1
1270,0,1
1271,0,1
1272,0,1
1273,0,1
1274,1,1
1275,0,1
1276,0,1
1277,1,1
1278,1,1
1279,0,1
1280,1,1
1281,1,1
1282,1,1
1283,0,1
1284,0,1
1285,0,1
1286,1,1
1287,1,1
1288,0,1
1289,0,0
1290,0,0
1291,1,0
1292,0,0
1293,0,1
1294,0,1
1295,0,1
1296,0,1
1297,0,0
1298,1,1
1299,1,1
1300,1,1
1301,1,1
1302,1,1
1303,1,1
1304,1,1
1305,0,1
1306,1,1
1307,1,1
1308,1,1
1309,1,1
1310,1,1
1311,1,1
1312,1,1
1313,1,1
1314,1,1
1315,1,1
1316,0,1
1317,1,1
1318,1,1
1319,1,1
1320,1,1
1321,1,1
1322,1,1
1323,1,1
1324,1,1
1325,1,1
1326,1,1
1327,0,1
1328,1,1
1329,0,1
1330,1,1
1331,1,1
1332,0,1
1333,0,1
1334,1,1
1335,1,1
1336,1,1
1337,0,0
1338,0,1
1339,0,0
1340,0,1
1341,1,0
1342,0,0
1343,0,0
1344,0,1
1345,1,1
1346,0,1
1347,0,1
1348,0,1
1349,0,1
1350,0,0
1351,0,1
1352,0,1
1353,1,1
1354,1,1
1355,1,1
1356,1,1
1357,1,1
1358,1,1
1359,1,1
1360,1,1
1361,1,1
1362,1,1
1363,1,1
1364,1,1
1365,1,1
1366,1,1
1367,0,1
1368,1,1
1369,0,1
1370,0,1
1371,1,1
1372,0,1
1373,0,1
1374,1,1
1375,0,1
1376,1,1
1377,1,1
1378,0,1
1379,0,1
1380,1,1
1381,1,1
1382,1,1
1383,1,1
1384,1,1
1385,0,1
1386,0,1
1387,1,1
1388,1,1
1389,1,1
1390,0,1
1391,0,1
1392,0,1
1393,0,1
1394,0,1
1395,1,1
1396,1,1
1397,0,1
1398,0,1
1399,1,1
1400,1,1
1401,0,1
1402,0,1
1403,0,1
1404,0,0
1405,0,1
1406,0,1
1407,1,1
1408,1,1
1409,1,1
1410,1,1
1411,1,1
1412,1,1
1413,1,1
1414,1,1
1415,0,1
1416,0,1
1417,0,1
1418,0,1
1419,1,1
1420,1,1
1421,1,1
1422,1,1
1423,0,1
1424,0,1
1425,1,1
1426,0,1
1427,0,1
1428,1,1
1429,1,1
1430,1,1
1431,1,1
1432,1,1
1433,0,1
1434,0,1
1435,0,1
1436,1,1
1437,1,1
1438,1,1
1439,0,1
1440,1,1
1441,1,1
1442,1,1
1443,1,1
1444,0,0
1445,0,1
1446,0,1
1447,0,1
1448,0,1
1449,0,1
1450,1,1
1451,0,0
1452,0,1
1453,0,1
1454,1,1
1455,0,1
1456,0,1
1457,0,0
1458,0,0
1459,0,0
1460,0,1
1461,1,1
1462,1,1
1463,0,1
1464,1,1
1465,1,1
1466,1,1
1467,1,1
1468,1,1
1469,0,1
1470,0,0
1471,0,1
1472,0,1
1473,0,0
1474,1,1
1475,1,1
1476,1,1
1477,0,1
1478,1,1
1479,1,1
1480,0,1
1481,0,0
1482,1,1
1483,1,1
1484,1,1
1485,0,1
1486,1,1
1487,1,1
1488,0,1
1489,0,1
1490,1,1
1491,1,1
1492,1,1
1493,1,1
1494,1,1
1495,1,1
1496,1,1
1497,1,1
1498,0,1
1499,0,1
1500,0,1
1501,0,0
1502,0,1
1503,0,1
1504,1,0
1505,0,0
1506,0,0
1507,0,0
1508,1,1
1509,1,1
1510,1,1
1511,1,1
1512,1,1
1513,0,0
1514,0,0
1515,0,0
1516,1,1
1517,1,1
1518,1,1
1519,1,1
1520,1,1
1521,0,1
1522,1,1
1523,0,0
1524,0,1
1525,0,0
1526,0,0
1527,0,0
1528,0,0
1529,1,1
1530,1,1
1531,1,1
1532,1,1
1533,0,1
1534,0,1
1535,0,1
1536,1,1
1537,0,1
1538,1,1
1539,1,1
1540,1,1
1541,1,1
1542,1,1
1543,1,1
1544,1,1
1545,1,1
1546,1,1
1547,1,1
1548,0,1
1549,1,1
1550,0,1
1551,1,1
1552,0,1
1553,0,1
1554,0,1
1555,0,0
1556,0,1
1557,0,1
1558,1,0
1559,1,1
1560,1,1
1561,1,1
1562,1,1
1563,1,1
1564,1,0
1565,0,0
1566,0,0
1567,0,0
1568,0,0
1569,0,0
1570,0,1
1571,1,1
1572,0,1
1573,0,1
1574,0,0
1575,0,1
1576,1,1
1577,1,1
1578,0,1
1579,0,1
1580,0,0
1581,0,1
1582,1,1
1583,1,1
1584,1,1
1585,1,1
1586,1,1
1587,0,1
1588,0,1
1589,1,1
1590,1,1
1591,1,1
1592,1,1
1593,1,1
1594,1,1
1595,1,1
1596,1,1
1597,1,1
1598,1,1
1599,1,1
1600,1,1
1601,1,1
1602,1,1
1603,1,1
1604,0,1
1605,1,1
1606,0,0
1607,1,1
1608,1,1
1609,1,1
1610,1,1
1611,1,1
1612,1,1
1613,1,1
1614,0,0
1615,0,0
1616,0,0
1617,0,0
1618,1,0
1619,0,0
1620,0,0
1621,0,0
1622,0,0
1623,0,1
1624,1,1
1625,1,1
1626,0,1
1627,0,1
1628,0,1
1629,0,1
1630,0,1
1631,1,1
1632,0,1
1633,0,0
1634,0,1
1635,1,1
1636,1,1
1637,0,1
1638,0,0
1639,0,0
1640,1,1
1641,1,1
1642,1,1
1643,1,1
1644,1,1
1645,0,0
1646,0,1
1647,1,1
1648,1,1
1649,1,1
1650,1,1
1651,1,1
1652,1,1
1653,1,1
1654,1,1
1655,0,1
1656,0,1
1657,1,1
1658,1,1
1659,1,1
1660,1,1
1661,1,1
1662,1,1
1663,0,1
1664,0,0
1665,0,0
1666,1,1
1667,1,0
1668,0,0
1669,0,0
1670,0,0
1671,0,0
1672,1,0
1673,0,0
1674,0,0
1675,0,0
1676,0,0
1677,1,1
1678,1,1
1679,0,1
1680,0,0
1681,0,0
1682,0,1
1683,0,1
1684,0,1
1685,1,1
1686,1,1
1687,0,1
1688,1,1
1689,1,1
1690,1,1
1691,1,1
1692,0,1
1693,1,1
1694,1,1
1695,1,1
1696,1,1
1697,1,1
1698,1,1
1699,0,0
1700,0,1
1701,0,0
1702,0,1
1703,1,1
1704,1,1
1705,1,1
1706,1,1
1707,1,1
1708,1,1
1709,0,1
1710,0,1
1711,1,1
1712,1,1
1713,1,1
1714,1,1
1715,0,1
1716,0,0
1717,0,0
1718,0,0
1719,0,0
1720,0,0
1721,1,0
1722,0,0
1723,0,0
1724,0,0
1725,0,0
1726,1,0
1727,0,0
1728,0,0
1729,0,0
1730,1,1
1731,1,1
1732,0,0
1733,0,1
1734,0,1
1735,0,0
1736,0,1
1737,0,1
1738,0,1
1739,0,1
1740,1,1
1741,1,1
1742,1,1
1743,1,1
1744,1,1
1745,1,1
1746,1,1
1747,1,1
1748,1,1
1749,1,1
1750,1,1
1751,1,1
1752,1,1
1753,0,1
1754,0,1
1755,0,1
1756,1,1
1757,1,1
1758,1,1
1759,1,1
1760,1,1
1761,1,1
1762,1,1
1763,1,1
1764,1,1
1765,1,1
1766,1,1
1767,1,1
1768,1,0
1769,1,0
1770,0,1
1771,0,0
1772,0,0
1773,0,0
1774,1,0
1775,1,0
1776,1,1
1777,0,0
1778,0,0
1779,0,0
1780,1,0
1781,0,0
1782,0,0
1783,1,0
1784,1,1
1785,0,0
1786,0,0
1787,1,1
1788,1,1
1789,0,1
1790,0,0
1791,0,1
1792,0,1
1793,0,1
1794,1,1
1795,1,1
1796,0,1
1797,0,1
1798,1,1
1799,1,1
1800,1,1
1801,1,1
1802,1,1
1803,1,1
1804,1,1
1805,1,1
1806,1,1
1807,1,1
1808,1,1
1809,1,1
1810,1,1
1811,0,1
1812,1,1
1813,1,1
1814,1,1
1815,1,1
1816,1,1
1817,1,1
1818,1,1
1819,1,1
1820,1,1
1821,0,0
1822,0,0
1823,1,1
1824,1,1
1825,1,0
1826,1,0
1827,1,0
1828,1,0
1829,0,0
1830,1,0
1831,1,0
1832,1,0
1833,1,0
1834,1,0
1835,0,0
1836,0,0
1837,0,0
1838,1,1
1839,0,0
1840,1,1
1841,1,1
1842,1,1
1843,1,1
1844,1,1
1845,1,1
1846,1,1
1847,1,1
1848,1,1
1849,1,1
1850,1,1
1851,1,1
1852,1,1
1853,1,1
1854,1,1
1855,1,1
1856,1,1
1857,1,1
1858,1,1
1859,1,1
1860,1,1
1861,1,1
1862,1,1
1863,1,1
1864,1,1
1865,0,1
1866,1,1
1867,1,1
1868,1,1
1869,1,1
1870,1,1
1871,1,1
1872,0,1
1873,0,1
1874,1,1
1875,0,1
1876,0,1
1877,1,1
1878,0,0
1879,0,0
1880,0,0
1881,0,0
1882,0,0
1883,0,0
1884,0,0
1885,0,0
1886,0,0
1887,0,0
1888,0,0
1889,0,0
1890,0,0
1891,0,0
1892,1,1
1893,1,0
1894,1,0
1895,0,1
1896,0,1
1897,0,0
1898,0,1
1899,0,1
1900,0,1
1901,0,1
1902,0,1
1903,0,1
1904,1,1
1905,1,1
1906,1,1
1907,1,1
1908,0,1
1909,0,1
1910,1,1
1911,0,1
1912,1,1
1913,1,1
1914,1,1
1915,1,1
1916,1,1
1917,0,1
1918,1,1
1919,1,1
1920,1,1
1921,1,1
1922,1,1
1923,1,1
1924,1,1
1925,1,1
1926,1,1
1927,1,1
1928,1,1
1929,1,1
1930,1,1
1931,1,0
1932,0,0
1933,0,0
1934,0,0
1935,0,0
1936,0,0
1937,0,0
1938,0,0
1939,0,0
1940,0,0
1941,0,0
1942,0,0
1943,0,0
1944,0,0
1945,0,0
1946,1,1
1947,0,0
1948,0,0
1949,0,1
1950,0,0
1951,0,0
1952,0,0
1953,0,1
1954,0,0
1955,0,1
1956,0,1
1957,0,1
1958,1,1
1959,1,1
1960,1,1
1961,1,1
1962,1,1
1963,1,1
1964,1,1
1965,1,1
1966,1,1
1967,1,1
1968,1,1
1969,1,1
1970,1,1
1971,1,1
1972,1,1
1973,1,1
1974,1,1
1975,1,1
1976,0,1
1977,0,1
1978,1,1
1979,1,1
1980,0,1
1981,1,1
1982,0,1
1983,0,0
1984,0,0
1985,0,0
1986,0,0
1987,0,0
1988,0,0
1989,0,0
1990,0,0
1991,0,0
1992,0,0
1993,0,0
1994,0,0
1995,0,0
1996,0,0
1997,0,0
1998,0,0
1999,0,0
2000,1,1
2001,0,0
2002,0,0
2003,0,0
2004,0,0
2005,0,0
2006,0,0
2007,0,0
2008,0,0
2009,0,0
2010,0,1
2011,0,1
2012,1,1
2013,1,1
2014,1,1
2015,1,1
2016,1,1
2017,1,1
2018,1,1
2019,1,1
2020,1,1
2021,1,1
2022,1,1
2023,1,1
2024,1,1
2025,1,1
2026,1,1
2027,1,1
2028,1,1
2029,1,1
2030,1,1
2031,1,1
2032,1,1
2033,0,1
2034,1,1
2035,1,1
2036,0,0
2037,0,0
2038,0,0
2039,0,0
2040,0,0
2041,0,0
2042,0,0
2043,0,0
2044,0,0
2045,0,0
2046,0,0
2047,0,0
2048,0,0
2049,0,0
2050,0,0
2051,0,0
2052,0,0
2053,0,0
2054,1,1
2055,1,1
2056,0,0
2057,0,0
2058,0,0
2059,0,0
2060,0,0
2061,0,0
2062,0,0
2063,0,1
2064,0,1
2065,0,1
2066,1,1
2067,1,1
2068,1,1
2069,1,1
2070,1,1
2071,1,1
2072,1,1
2073,1,1
2074,1,1
2075,1,1
2076,1,1
2077,1,1
2078,1,1
2079,1,1
2080,1,1
2081,0,1
2082,1,1
2083,1,1
2084,1,1
2085,1,1
2086,1,1
2087,1,1
2088,1,1
2089,0,1
2090,0,0
2091,0,0
2092,0,0
2093,0,0
2094,0,0
2095,0,0
2096,0,0
2097,0,0
2098,0,0
2099,0,0
2100,0,0
2101,0,0
2102,0,0
2103,0,0
2104,0,0
2105,0,0
2106,1,0
2107,0,0
2108,1,1
2109,1,1
2110,0,0
2111,0,0
2112,0,0
2113,0,0
2114,0,0
2115,0,0
2116,0,0
2117,0,0
2118,0,1
2119,0,1
2120,1,1
2121,0,1
2122,0,1
2123,1,1
2124,1,1
2125,1,1
2126,1,1
2127,1,1
2128,1,1
2129,1,1
2130,1,1
2131,1,1
2132,1,1
2133,1,1
2134,1,1
2135,1,1
2136,1,1
2137,1,1
2138,1,1
2139,0,0
2140,0,0
2141,1,1
2142,1,1
2143,0,1
2144,0,0
2145,0,1
2146,0,1
2147,0,0
2148,0,1
2149,0,0
2150,0,0
2151,0,0
2152,0,0
2153,0,0
2154,0,0
2155,0,0
2156,0,0
2157,0,0
2158,0,0
2159,0,0
2160,1,0
2161,0,0
2162,1,1
2163,0,1
2164,0,1
2165,0,0
2166,0,0
2167,0,0
2168,0,0
2169,0,0
2170,0,0
2171,0,0
2172,0,1
2173,0,1
2174,1,1
2175,0,1
2176,0,1
2177,1,1
2178,1,1
2179,1,1
2180,1,1
2181,1,1
2182,1,1
2183,1,1
2184,1,1
2185,1,1
2186,1,1
2187,1,1
2188,1,1
2189,1,1
2190,1,1
2191,1,1
2192,1,1
2193,1,1
2194,1,1
2195,1,1
2196,0,1
2197,0,1
2198,0,1
2199,0,0
2200,0,1
2201,0,1
2202,0,0
2203,0,1
2204,0,1
2205,0,0
2206,0,0
2207,0,0
2208,0,0
2209,0,0
2210,0,0
2211,1,0
2212,1,0
2213,1,0
2214,1,0
2215,1,0
2216,1,1
2217,0,0
2218,0,1
2219,0,1
2220,0,0
2221,0,0
2222,0,0
2223,0,0
2224,0,0
2225,0,0
2226,0,0
2227,1,1
2228,1,1
2229,1,1
2230,1,1
2231,1,1
2232,1,1
2233,1,1
2234,1,1
2235,1,1
2236,1,1
2237,1,1
2238,1,1
2239,0,1
2240,1,1
2241,1,1
2242,1,1
2243,1,1
2244,1,1
2245,1,1
2246,1,1
2247,0,1
2248,0,1
2249,1,1
2250,1,1
2251,1,1
2252,1,1
2253,1,1
2254,1,1
2255,0,0
2256,0,0
2257,0,1
2258,0,0
2259,0,0
2260,0,0
2261,0,0
2262,1,0
2263,1,0
2264,1,0
2265,1,0
2266,0,0
2267,0,0
2268,1,0
2269,0,0
2270,1,1
2271,0,1
2272,0,0
2273,0,1
2274,0,0
2275,0,0
2276,0,0
2277,0,0
2278,0,0
2279,0,1
2280,0,1
2281,1,1
2282,0,1
2283,1,1
2284,1,1
2285,1,1
2286,1,1
2287,1,1
2288,1,1
2289,1,1
2290,1,1
2291,0,1
2292,1,1
2293,0,1
2294,1,1
2295,1,1
2296,1,1
2297,1,1
2298,0,1
2299,1,1
2300,1,1
2301,1,1
2302,0,1
2303,1,1
2304,0,1
2305,0,1
2306,0,1
2307,0,0
2308,1,1
2309,1,0
2310,0,0
2311,1,1
2312,1,1
2313,1,0
2314,1,0
2315,1,0
2316,1,0
2317,0,0
2318,0,0
2319,0,0
2320,0,0
2321,0,0
2322,1,0
2323,1,1
2324,1,1
2325,0,0
2326,0,0
2327,0,1
2328,1,1
2329,1,1
2330,0,0
2331,0,0
2332,0,0
2333,0,1
2334,0,1
2335,1,1
2336,1,1
2337,1,1
2338,1,1
2339,1,1
2340,1,1
2341,1,1
2342,0,1
2343,1,1
2344,0,1
2345,0,1
2346,1,1
2347,1,1
2348,1,1
2349,1,1
2350,1,1
2351,0,1
2352,1,1
2353,1,1
2354,1,1
2355,1,1
2356,1,1
2357,1,1
2358,0,1
2359,0,1
2360,0,1
2361,1,0
2362,1,0
2363,1,0
2364,1,1
2365,1,1
2366,0,0
2367,0,0
2368,0,0
2369,0,0
2370,0,0
2371,0,0
2372,0,0
2373,0,0
2374,0,0
2375,0,1
2376,1,0
2377,1,0
2378,0,1
2379,0,1
2380,1,1
2381,1,1
2382,1,1
2383,1,1
2384,1,1
2385,1,1
2386,1,1
2387,1,1
2388,1,1
2389,1,1
2390,0,1
2391,1,1
2392,1,1
2393,1,1
2394,0,1
2395,1,1
2396,1,1
2397,1,1
2398,1,1
2399,1,1
2400,1,1
2401,1,1
2402,1,1
2403,1,1
2404,1,1
2405,1,1
2406,1,1
2407,0,1
2408,1,1
2409,1,1
2410,1,1
2411,1,1
2412,1,0
2413,1,1
2414,1,0
2415,1,1
2416,1,0
2417,0,1
2418,0,0
2419,0,0
2420,0,0
2421,0,0
2422,0,0
2423,0,0
2424,0,0
2425,0,0
2426,0,0
2427,0,0
2428,0,0
2429,0,0
2430,1,0
2431,0,1
2432,0,1
2433,0,1
2434,1,1
2435,0,1
2436,0,1
2437,0,1
2438,0,1
2439,0,1
2440,0,1
2441,0,1
2442,1,1
2443,1,1
2444,1,1
2445,1,1
2446,0,1
2447,1,1
2448,1,1
2449,1,1
2450,0,1
2451,1,1
2452,1,1
2453,1,1
2454,0,1
2455,1,1
2456,1,1
2457,1,1
2458,1,1
2459,1,1
2460,1,1
2461,1,1
2462,1,1
2463,1,1
2464,1,1
2465,1,1
2466,0,1
2467,0,1
2468,0,0
2469,1,1
2470,1,0
2471,0,0
2472,0,0
2473,0,0
2474,0,0
2475,0,0
2476,0,0
2477,0,0
2478,0,0
2479,0,0
2480,0,0
2481,0,0
2482,0,0
2483,0,0
2484,1,0
2485,0,0
2486,0,1
2487,1,1
2488,1,1
2489,1,1
2490,1,1
2491,1,1
2492,1,1
2493,1,1
2494,1,1
2495,1,1
2496,1,1
2497,1,1
2498,0,1
2499,0,0
2500,0,1
2501,0,1
2502,1,1
2503,1,1
2504,1,1
2505,1,1
2506,1,1
2507,1,1
2508,1,1
2509,1,1
2510,1,1
2511,1,1
2512,1,1
2513,1,1
2514,1,1
2515,1,1
2516,0,1
2517,1,1
2518,1,1
2519,1,1
2520,0,1
2521,0,0
2522,0,0
2523,0,0
2524,1,0
2525,1,0
2526,1,1
2527,0,0
2528,0,0
2529,0,0
2530,0,0
2531,0,0
2532,0,0
2533,0,0
2534,0,0
2535,0,0
2536,0,0
2537,0,0
2538,1,0
2539,1,0
2540,0,0
2541,1,1
2542,1,1
2543,0,1
2544,1,1
2545,0,1
2546,1,1
2547,1,1
2548,1,1
2549,1,1
2550,1,1
2551,1,1
2552,0,1
2553,0,1
2554,0,1
2555,0,0
2556,0,1
2557,1,1
2558,1,1
2559,1,1
2560,1,1
2561,1,1
2562,1,1
2563,0,1
2564,1,1
2565,1,1
2566,1,1
2567,1,1
2568,1,1
2569,1,1
2570,1,1
2571,1,1
2572,1,1
2573,1,1
2574,1,1
2575,0,0
2576,0,0
2577,0,0
2578,1,0
2579,1,0
2580,0,0
2581,1,1
2582,1,0
2583,0,0
2584,0,0
2585,0,0
2586,0,0
2587,0,0
2588,0,0
2589,0,0
2590,0,0
2591,0,0
2592,0,0
2593,1,0
2594,1,0
2595,0,0
2596,0,0
2597,0,1
2598,0,1
2599,1,1
2600,1,1
2601,1,1
2602,0,1
2603,0,1
2604,0,1
2605,0,1
2606,0,0
2607,0,1
2608,0,1
2609,0,1
2610,0,1
2611,0,0
2612,1,1
2613,1,1
2614,1,1
2615,1,1
2616,1,1
2617,1,1
2618,1,1
2619,1,1
2620,0,1
2621,0,1
2622,1,1
2623,1,1
2624,1,1
2625,0,1
2626,0,1
2627,1,1
2628,1,1
2629,1,1
2630,1,0
2631,1,0
2632,1,1
2633,1,1
2634,0,0
2635,0,0
2636,0,0
2637,1,0
2638,1,0
2639,1,0
2640,0,0
2641,0,0
2642,0,0
2643,0,0
2644,0,0
2645,0,0
2646,0,0
2647,1,0
2648,1,0
2649,0,0
2650,0,0
2651,0,0
2652,0,1
2653,0,1
2654,0,1
2655,0,0
2656,0,1
2657,0,0
2658,0,0
2659,0,1
2660,0,1
2661,0,0
2662,0,0
2663,0,1
2664,0,1
2665,0,0
2666,1,1
2667,1,1
2668,1,1
2669,1,1
2670,1,1
2671,1,1
2672,1,1
2673,0,1
2674,0,1
2675,0,1
2676,0,1
2677,1,1
2678,1,1
2679,1,1
2680,1,1
2681,0,1
2682,1,1
2683,0,1
2684,1,1
2685,0,0
2686,0,0
2687,0,1
2688,0,1
2689,0,0
2690,0,0
2691,0,0
2692,0,0
2693,0,0
2694,1,0
2695,1,0
2696,0,0
2697,0,0
2698,0,0
2699,1,0
2700,1,0
2701,1,0
2702,1,0
2703,1,0
2704,0,0
2705,0,0
2706,0,0
2707,0,1
2708,0,1
2709,0,1
2710,0,0
2711,0,0
2712,0,0
2713,0,0
2714,0,0
2715,0,0
2716,0,0
2717,0,0
2718,0,0
2719,1,1
2720,1,1
2721,1,1
2722,1,1
2723,0,1
2724,1,1
2725,1,1
2726,1,1
2727,1,1
2728,1,1
2729,0,1
2730,0,1
2731,0,1
2732,1,1
2733,1,1
2734,1,1
2735,1,1
2736,0,1
2737,1,1
2738,1,1
2739,1,1
2740,0,0
2741,0,0
2742,0,0
2743,0,0
2744,0,0
2745,0,0
2746,0,0
2747,0,0
